what,kind,bundleId,bundleVersion,description,time
stopped,bundle,org.eclipse.datatools.enablement.ingres.ui,1.0.0.v201105270214,"org.eclipse.datatools.enablement.ingres.ui",1342853013156
stopped,bundle,org.eclipse.datatools.enablement.postgresql.ui,1.0.0.v201107221506,"org.eclipse.datatools.enablement.postgresql.ui",1342853013156
stopped,bundle,org.eclipse.datatools.enablement.sqlite.ui,1.0.0.v201107221507,"org.eclipse.datatools.enablement.sqlite.ui",1342853013156
stopped,bundle,org.eclipse.datatools.connectivity.db.generic.ui,1.0.1.v201107221459,"org.eclipse.datatools.connectivity.db.generic.ui",1342853013156
stopped,bundle,org.eclipse.datatools.enablement.sybase.ase.ui,1.0.1.v200906020900,"org.eclipse.datatools.enablement.sybase.ase.ui",1342853013156
stopped,bundle,org.eclipse.datatools.sqltools.data.ui,1.2.1.v201010270945,"org.eclipse.datatools.sqltools.data.ui",1342853013156
stopped,bundle,org.eclipse.datatools.sqltools.db.derby.ui,1.0.0.v200906020900,"org.eclipse.datatools.sqltools.db.derby.ui",1342853013156
stopped,bundle,org.eclipse.datatools.sqltools.db.generic.ui,1.0.0.v200906020900,"org.eclipse.datatools.sqltools.db.generic.ui",1342853013156
stopped,bundle,org.eclipse.datatools.sqltools.debugger.core.ui,1.0.0.v201003161000,"org.eclipse.datatools.sqltools.debugger.core.ui",1342853013156
stopped,bundle,org.eclipse.datatools.sqltools.routineeditor.ui,1.0.2.v201111230714,"org.eclipse.datatools.sqltools.routineeditor.ui",1342853013156
stopped,bundle,org.eclipse.datatools.sqltools.sqlbuilder,1.0.3.v201107221520,"org.eclipse.datatools.sqltools.sqlbuilder",1342853013156
stopped,bundle,org.eclipse.datatools.enablement.sybase.asa.ui,1.0.1.v200906111204,"org.eclipse.datatools.enablement.sybase.asa.ui",1342853013156
stopped,bundle,org.eclipse.datatools.sqltools.ddlgen.ui,1.0.2.v201201131129,"org.eclipse.datatools.sqltools.ddlgen.ui",1342853013156
stopped,bundle,org.eclipse.datatools.sqltools.debugger.core,1.0.1.v201107221520,"org.eclipse.datatools.sqltools.debugger.core",1342853013156
stopped,bundle,org.eclipse.datatools.sqltools.sqlscrapbook,1.0.2.v201205310922,"org.eclipse.datatools.sqltools.sqlscrapbook",1342853013156
stopped,bundle,org.eclipse.datatools.sqltools.sqleditor,1.0.2.v201107221520,"org.eclipse.datatools.sqltools.sqleditor",1342853013156
stopped,bundle,org.eclipse.datatools.sqltools.editor.core.ui,1.0.0.v201001150815,"org.eclipse.datatools.sqltools.editor.core.ui",1342853013156
stopped,bundle,org.eclipse.datatools.sqltools.tabledataeditor,1.0.1.v201005250945,"org.eclipse.datatools.sqltools.tabledataeditor",1342853013156
stopped,bundle,org.eclipse.datatools.connectivity.apache.derby.ui,1.0.3.v201107221459,"org.eclipse.datatools.connectivity.apache.derby.ui",1342853013156
stopped,bundle,org.eclipse.datatools.enablement.sybase.ui,1.0.0.v200906090452,"org.eclipse.datatools.enablement.sybase.ui",1342853013156
stopped,bundle,org.eclipse.datatools.connectivity.sqm.server.ui,1.1.100.v201202021103,"org.eclipse.datatools.connectivity.sqm.server.ui",1342853013156
stopped,bundle,org.eclipse.datatools.connectivity.sqm.core.ui,1.2.2.v201205240353,"org.eclipse.datatools.connectivity.sqm.core.ui",1342853013156
stopped,bundle,org.eclipse.datatools.connectivity.ui.dse,1.1.4.v201107221459,"org.eclipse.datatools.connectivity.ui.dse",1342853013156
stopped,bundle,org.eclipse.help.base,3.6.1.v201109091335,"org.eclipse.help.base",1342853013156
stopped,bundle,org.eclipse.equinox.http.jetty,2.0.100.v20110502,"org.eclipse.equinox.http.jetty",1342853013156
stopped,bundle,org.eclipse.wst.server.preview,1.1.100.v20091208,"org.eclipse.wst.server.preview",1342853013156
stopped,bundle,org.eclipse.jst.server.generic.jboss,1.6.1.v200904151730,"org.eclipse.jst.server.generic.jboss",1342853013156
stopped,bundle,org.eclipse.jst.server.generic.jonas,1.5.205.v200805140145,"org.eclipse.jst.server.generic.jonas",1342853013156
stopped,bundle,org.eclipse.jst.server.generic.oc4j,1.5.206.v20090812,"org.eclipse.jst.server.generic.oc4j",1342853013156
stopped,bundle,org.eclipse.jst.server.websphere.core,1.0.302.v20080620,"org.eclipse.jst.server.websphere.core",1342853013156
stopped,bundle,org.eclipse.jst.server.generic.ui,1.0.505.v20100428,"org.eclipse.jst.server.generic.ui",1342853013156
stopped,bundle,org.eclipse.jst.server.generic.core,1.0.700.v20101219,"org.eclipse.jst.server.generic.core",1342853013156
stopped,bundle,org.eclipse.mylyn.ide.ant,3.7.1.v20120425-0100,"org.eclipse.mylyn.ide.ant",1342853013156
stopped,bundle,org.eclipse.ant.ui,3.5.100.v20110510,"org.eclipse.ant.ui",1342853013156
stopped,bundle,org.eclipse.ant.launching,1.0.100.v20110506,"org.eclipse.ant.launching",1342853013156
stopped,bundle,org.eclipse.jdt.apt.pluggable.core,1.0.400.v20110305-1450,"org.eclipse.jdt.apt.pluggable.core",1342853013156
stopped,bundle,org.eclipse.jdt.apt.ui,3.3.300.v20110305-1450,"org.eclipse.jdt.apt.ui",1342853013156
stopped,bundle,org.eclipse.jst.ws.jaxb.core,1.0.100.v201104031139,"org.eclipse.jst.ws.jaxb.core",1342853013156
stopped,bundle,org.eclipse.jst.ws.annotations.core,1.1.0.v201104031139,"org.eclipse.jst.ws.annotations.core",1342853013156
stopped,bundle,org.eclipse.jdt.apt.core,3.3.500.v20110420-1015,"org.eclipse.jdt.apt.core",1342853013156
stopped,bundle,org.eclipse.mylyn.wikitext.ui,1.5.0.v20110608-1400,"org.eclipse.mylyn.wikitext.ui",1342853013156
stopped,bundle,org.eclipse.mylyn.wikitext.core,1.5.1.v20110720-0100,"org.eclipse.mylyn.wikitext.core",1342853013156
stopped,bundle,org.eclipse.wst.command.env.ui,1.1.103.v201102260635,"org.eclipse.wst.command.env.ui",1342853013156
stopped,bundle,org.eclipse.wst.command.env,1.0.409.v201004211805,"org.eclipse.wst.command.env",1342853013156
stopped,bundle,org.codehaus.groovy,1.7.10.xx-20111212-0900-e37-RELEASE,"org.codehaus.groovy",1342853013156
stopped,bundle,org.codehaus.groovy.eclipse.astviews,2.6.0.xx-20111212-0900-e37-RELEASE,"org.codehaus.groovy.eclipse.astviews",1342853013156
stopped,bundle,org.codehaus.groovy.eclipse.quickfix,2.6.0.xx-20111212-0900-e37-RELEASE,"org.codehaus.groovy.eclipse.quickfix",1342853013156
stopped,bundle,org.codehaus.groovy.eclipse.dsl,2.6.0.xx-20111212-0900-e37-RELEASE,"org.codehaus.groovy.eclipse.dsl",1342853013156
stopped,bundle,org.codehaus.groovy.eclipse.codeassist.completion,2.6.0.xx-20111212-0900-e37-RELEASE,"org.codehaus.groovy.eclipse.codeassist.completion",1342853013156
stopped,bundle,org.codehaus.groovy.eclipse.ui,2.6.0.xx-20111212-0900-e37-RELEASE,"org.codehaus.groovy.eclipse.ui",1342853013156
stopped,bundle,org.codehaus.groovy.eclipse.refactoring,2.6.0.xx-20111212-0900-e37-RELEASE,"org.codehaus.groovy.eclipse.refactoring",1342853013171
stopped,bundle,org.codehaus.groovy.eclipse.codebrowsing,2.6.0.xx-20111212-0900-e37-RELEASE,"org.codehaus.groovy.eclipse.codebrowsing",1342853013171
stopped,bundle,org.codehaus.groovy.eclipse.core,2.6.0.xx-20111212-0900-e37-RELEASE,"org.codehaus.groovy.eclipse.core",1342853013171
stopped,bundle,org.eclipse.jdt.groovy.core,2.6.0.xx-20111212-0900-e37-RELEASE,"org.eclipse.jdt.groovy.core",1342853013171
stopped,bundle,org.codehaus.groovy,1.8.4.xx-20111212-0900-e37-RELEASE,"org.codehaus.groovy",1342853013171
stopped,bundle,org.codehaus.groovy.eclipse.ant,2.6.0.xx-20111212-0900-e37-RELEASE,"org.codehaus.groovy.eclipse.ant",1342853013171
stopped,bundle,org.eclipse.ajdt.examples,2.2.0.e37x-20111207-1200,"org.eclipse.ajdt.examples",1342853013171
stopped,bundle,org.eclipse.ajdt.core,2.2.0.e37x-20111207-1200,"org.eclipse.ajdt.core",1342853013171
stopped,bundle,org.aspectj.ajde,1.7.0.20111123094400,"org.aspectj.ajde",1342853013171
stopped,bundle,org.eclipse.emf.importer.ecore,2.6.0.v20120608-0554,"org.eclipse.emf.importer.ecore",1342853013171
stopped,bundle,org.eclipse.emf.importer.java,2.6.0.v20120608-0554,"org.eclipse.emf.importer.java",1342853013171
stopped,bundle,org.eclipse.emf.importer.rose,2.6.0.v20120608-0554,"org.eclipse.emf.importer.rose",1342853013171
activated,perspective,org.eclipse.php.ui,,"org.eclipse.php.perspective",1342883234781
started,bundle,org.eclipse.osgi,3.7.1.R37x_v20110808-1106,"org.eclipse.osgi",1342883234781
started,bundle,org.eclipse.equinox.simpleconfigurator,1.0.200.v20110502-1955,"org.eclipse.equinox.simpleconfigurator",1342883234781
started,bundle,com.ibm.icu,4.4.2.v20110208,"com.ibm.icu",1342883234781
started,bundle,org.eclipse.compare.core,3.5.200.I20110208-0800,"org.eclipse.compare.core",1342883234781
started,bundle,org.eclipse.core.contenttype,3.4.100.v20110423-0524,"org.eclipse.core.contenttype",1342883234781
started,bundle,org.eclipse.core.databinding.observable,1.4.0.I20110222-0800,"org.eclipse.core.databinding.observable",1342883234781
started,bundle,org.eclipse.core.expressions,3.4.300.v20110228,"org.eclipse.core.expressions",1342883234781
started,bundle,org.eclipse.core.filebuffers,3.5.200.v20110505-0800,"org.eclipse.core.filebuffers",1342883234781
started,bundle,org.eclipse.core.filesystem,1.3.100.v20110423-0524,"org.eclipse.core.filesystem",1342883234781
started,bundle,org.eclipse.core.jobs,3.5.100.v20110404,"org.eclipse.core.jobs",1342883234781
started,bundle,org.eclipse.core.net,1.2.100.I20110511-0800,"org.eclipse.core.net",1342883234781
started,bundle,org.eclipse.core.resources,3.7.100.v20110510-0712,"org.eclipse.core.resources",1342883234781
started,bundle,org.eclipse.core.runtime,3.7.0.v20110110,"org.eclipse.core.runtime",1342883234781
started,bundle,org.eclipse.core.runtime.compatibility,3.2.100.v20100505,"org.eclipse.core.runtime.compatibility",1342883234781
started,bundle,org.eclipse.core.runtime.compatibility.auth,3.2.200.v20110110,"org.eclipse.core.runtime.compatibility.auth",1342883234781
started,bundle,org.eclipse.debug.core,3.7.0.v20110518,"org.eclipse.debug.core",1342883234781
started,bundle,org.eclipse.debug.ui,3.7.101.v20110817_r371,"org.eclipse.debug.ui",1342883234781
started,bundle,org.eclipse.ecf,3.1.300.v20110531-2218,"org.eclipse.ecf",1342883234781
started,bundle,org.eclipse.ecf.filetransfer,5.0.0.v20110531-2218,"org.eclipse.ecf.filetransfer",1342883234781
started,bundle,org.eclipse.ecf.identity,3.1.100.v20110531-2218,"org.eclipse.ecf.identity",1342883234781
started,bundle,org.eclipse.ecf.provider.filetransfer,3.2.0.v20110531-2218,"org.eclipse.ecf.provider.filetransfer",1342883234781
started,bundle,org.eclipse.ecf.provider.filetransfer.httpclient,4.0.0.v20110531-2218,"org.eclipse.ecf.provider.filetransfer.httpclient",1342883234781
started,bundle,org.eclipse.epp.mpc.ui,1.1.1.I20110907-0947,"org.eclipse.epp.mpc.ui",1342883234781
started,bundle,org.eclipse.epp.usagedata.gathering,1.3.1.R201106061540,"org.eclipse.epp.usagedata.gathering",1342883234781
started,bundle,org.eclipse.epp.usagedata.recording,1.3.1.R201106061540,"org.eclipse.epp.usagedata.recording",1342883234781
started,bundle,org.eclipse.equinox.app,1.3.100.v20110321,"org.eclipse.equinox.app",1342883234781
started,bundle,org.eclipse.equinox.common,3.6.0.v20110523,"org.eclipse.equinox.common",1342883234781
started,bundle,org.eclipse.equinox.ds,1.3.1.R37x_v20110701,"org.eclipse.equinox.ds",1342883234781
started,bundle,org.eclipse.equinox.event,1.2.100.v20110502,"org.eclipse.equinox.event",1342883234781
started,bundle,org.eclipse.equinox.p2.artifact.repository,1.1.101.R37x_v20110714,"org.eclipse.equinox.p2.artifact.repository",1342883234781
started,bundle,org.eclipse.equinox.p2.core,2.1.0.v20110502-1955,"org.eclipse.equinox.p2.core",1342883234781
started,bundle,org.eclipse.equinox.p2.director,2.1.0.v20110504-1715,"org.eclipse.equinox.p2.director",1342883234781
started,bundle,org.eclipse.equinox.p2.directorywatcher,1.0.300.v20110502-1955,"org.eclipse.equinox.p2.directorywatcher",1342883234781
started,bundle,org.eclipse.equinox.p2.engine,2.1.0.v20110511,"org.eclipse.equinox.p2.engine",1342883234781
started,bundle,org.eclipse.equinox.p2.extensionlocation,1.2.100.v20110510,"org.eclipse.equinox.p2.extensionlocation",1342883234781
started,bundle,org.eclipse.equinox.p2.metadata,2.1.0.v20110510,"org.eclipse.equinox.p2.metadata",1342883234781
started,bundle,org.eclipse.equinox.p2.metadata.repository,1.2.0.v20110511-1359,"org.eclipse.equinox.p2.metadata.repository",1342883234781
started,bundle,org.eclipse.equinox.p2.operations,2.1.0.v20110511-1821,"org.eclipse.equinox.p2.operations",1342883234781
started,bundle,org.eclipse.equinox.p2.publisher,1.2.0.v20110511,"org.eclipse.equinox.p2.publisher",1342883234781
started,bundle,org.eclipse.equinox.p2.reconciler.dropins,1.1.100.v20110510,"org.eclipse.equinox.p2.reconciler.dropins",1342883234781
started,bundle,org.eclipse.equinox.p2.repository,2.1.0.v20110601,"org.eclipse.equinox.p2.repository",1342883234781
started,bundle,org.eclipse.equinox.p2.touchpoint.eclipse,2.1.1.R37x_v20110815-0935,"org.eclipse.equinox.p2.touchpoint.eclipse",1342883234781
started,bundle,org.eclipse.equinox.p2.transport.ecf,1.0.0.v20110510,"org.eclipse.equinox.p2.transport.ecf",1342883234781
started,bundle,org.eclipse.equinox.p2.ui.sdk.scheduler,1.0.100.v20110502-1955,"org.eclipse.equinox.p2.ui.sdk.scheduler",1342883234781
started,bundle,org.eclipse.equinox.p2.updatechecker,1.1.200.v20110502-1955,"org.eclipse.equinox.p2.updatechecker",1342883234781
started,bundle,org.eclipse.equinox.preferences,3.4.1.R37x_v20110725,"org.eclipse.equinox.preferences",1342883234781
started,bundle,org.eclipse.equinox.registry,3.5.101.R37x_v20110810-1611,"org.eclipse.equinox.registry",1342883234781
started,bundle,org.eclipse.equinox.security,1.1.1.R37x_v20110822-1018,"org.eclipse.equinox.security",1342883234781
started,bundle,org.eclipse.equinox.util,1.0.300.v20110502,"org.eclipse.equinox.util",1342883234781
started,bundle,org.eclipse.help,3.5.100.v20110426,"org.eclipse.help",1342883234781
started,bundle,org.eclipse.jdt.core.manipulation,1.4.0.v20110505-0800,"org.eclipse.jdt.core.manipulation",1342883234781
started,bundle,org.eclipse.jdt.debug,3.7.1.v20110802_r371,"org.eclipse.jdt.debug",1342883234781
started,bundle,org.eclipse.jdt.debug.ui,3.6.1.v20110803_r371,"org.eclipse.jdt.debug.ui",1342883234781
started,bundle,org.eclipse.jdt.launching,3.6.1.v20110803_r371,"org.eclipse.jdt.launching",1342883234781
started,bundle,org.eclipse.jdt.ui,3.7.1.r371_v20110824-0800,"org.eclipse.jdt.ui",1342883234781
started,bundle,org.eclipse.jem.util,2.1.100.v201103021400,"org.eclipse.jem.util",1342883234781
started,bundle,org.eclipse.jem.workbench,2.0.400.v201104251400,"org.eclipse.jem.workbench",1342883234781
started,bundle,org.eclipse.jface,3.7.0.I20110522-1430,"org.eclipse.jface",1342883234781
started,bundle,org.eclipse.jsch.core,1.1.300.I20110514-0800,"org.eclipse.jsch.core",1342883234781
started,bundle,org.eclipse.jst.ws.jaxrs.core,1.0.301.v201108240656,"org.eclipse.jst.ws.jaxrs.core",1342883234781
started,bundle,org.eclipse.jst.ws.jaxws.utils,1.0.0.v201004171919,"org.eclipse.jst.ws.jaxws.utils",1342883234781
started,bundle,org.eclipse.ltk.core.refactoring,3.5.201.r371_v20110824-0800,"org.eclipse.ltk.core.refactoring",1342883234781
started,bundle,org.eclipse.ltk.ui.refactoring,3.6.0.v20110505-0800,"org.eclipse.ltk.ui.refactoring",1342883234781
started,bundle,org.eclipse.search,3.7.0.v20110505-0800,"org.eclipse.search",1342883234781
started,bundle,org.eclipse.team.core,3.6.0.I20110525-0800,"org.eclipse.team.core",1342883234781
started,bundle,org.eclipse.team.cvs.core,3.3.400.I20110510-0800,"org.eclipse.team.cvs.core",1342883234781
started,bundle,org.eclipse.team.cvs.ui,3.3.400.I20110510-0800,"org.eclipse.team.cvs.ui",1342883234781
started,bundle,org.eclipse.team.ui,3.6.100.I20110525-0800,"org.eclipse.team.ui",1342883234781
started,bundle,org.eclipse.ui,3.7.0.I20110602-0100,"org.eclipse.ui",1342883234781
started,bundle,org.eclipse.ui.console,3.5.100.v20110511,"org.eclipse.ui.console",1342883234781
started,bundle,org.eclipse.ui.editors,3.7.0.v20110517-0800,"org.eclipse.ui.editors",1342883234781
started,bundle,org.eclipse.ui.forms,3.5.100.v20110425,"org.eclipse.ui.forms",1342883234781
started,bundle,org.eclipse.ui.ide,3.7.0.v20110809-1737,"org.eclipse.ui.ide",1342883234781
started,bundle,org.eclipse.ui.navigator,3.5.100.v20110809-2227,"org.eclipse.ui.navigator",1342883234781
started,bundle,org.eclipse.ui.net,1.2.100.I20110511-0800,"org.eclipse.ui.net",1342883234781
started,bundle,org.eclipse.ui.views,3.6.0.I20110412-0800,"org.eclipse.ui.views",1342883234781
started,bundle,org.eclipse.ui.workbench,3.7.0.I20110519-0100,"org.eclipse.ui.workbench",1342883234781
started,bundle,org.eclipse.ui.workbench.texteditor,3.7.0.v20110505-0800,"org.eclipse.ui.workbench.texteditor",1342883234781
started,bundle,org.eclipse.update.configurator,3.3.100.v20100512,"org.eclipse.update.configurator",1342883234781
started,bundle,org.eclipse.update.core,3.2.500.v20110330,"org.eclipse.update.core",1342883234781
started,bundle,org.eclipse.update.scheduler,3.2.300.v20100512,"org.eclipse.update.scheduler",1342883234781
started,bundle,org.eclipse.wst.common.core,1.2.0.v200908252030,"org.eclipse.wst.common.core",1342883234781
started,bundle,org.eclipse.wst.common.emf,1.2.100.v201101101900,"org.eclipse.wst.common.emf",1342883234781
started,bundle,org.eclipse.wst.common.emfworkbench.integration,1.2.101.v201107140600,"org.eclipse.wst.common.emfworkbench.integration",1342883234781
started,bundle,org.eclipse.wst.common.frameworks.ui,1.2.100.v201105122000,"org.eclipse.wst.common.frameworks.ui",1342883234781
started,bundle,org.eclipse.wst.common.uriresolver,1.1.401.v201004280700,"org.eclipse.wst.common.uriresolver",1342883234781
started,bundle,org.eclipse.wst.dtd.core,1.1.501.v201107252021,"org.eclipse.wst.dtd.core",1342883234781
started,bundle,org.eclipse.wst.dtd.ui,1.0.600.v201103171359,"org.eclipse.wst.dtd.ui",1342883234781
started,bundle,org.eclipse.wst.internet.cache,1.0.400.v201004280700,"org.eclipse.wst.internet.cache",1342883234781
started,bundle,org.eclipse.wst.jsdt.manipulation,1.0.300.v201104272153,"org.eclipse.wst.jsdt.manipulation",1342883234781
started,bundle,org.eclipse.wst.jsdt.web.core,1.0.401.v201108152113,"org.eclipse.wst.jsdt.web.core",1342883234781
started,bundle,org.eclipse.wst.jsdt.web.ui,1.0.401.v201108152113,"org.eclipse.wst.jsdt.web.ui",1342883234781
started,bundle,org.eclipse.wst.xsl.core,1.1.100.v201102270516,"org.eclipse.wst.xsl.core",1342883234781
started,bundle,org.eclipse.wst.xsl.exslt.core,1.0.0.v201005240426,"org.eclipse.wst.xsl.exslt.core",1342883234781
started,bundle,org.tigris.subversion.clientadapter,1.6.12,"org.tigris.subversion.clientadapter",1342883234781
started,bundle,org.tigris.subversion.subclipse.core,1.6.18,"org.tigris.subversion.subclipse.core",1342883234781
started,bundle,org.tigris.subversion.subclipse.mylyn,3.0.0,"org.tigris.subversion.subclipse.mylyn",1342883234781
started,bundle,org.tigris.subversion.subclipse.tools.usage,1.0.1,"org.tigris.subversion.subclipse.tools.usage",1342883234781
started,bundle,org.codehaus.groovy.eclipse.core,2.6.0.xx-20111212-0900-e37-RELEASE,"org.codehaus.groovy.eclipse.core",1342883234781
started,bundle,org.codehaus.groovy.eclipse.dsl,2.6.0.xx-20111212-0900-e37-RELEASE,"org.codehaus.groovy.eclipse.dsl",1342883234781
started,bundle,org.codehaus.groovy.eclipse.ui,2.6.0.xx-20111212-0900-e37-RELEASE,"org.codehaus.groovy.eclipse.ui",1342883234781
started,bundle,org.eclipse.jdt.core,3.7.1.xx-20111212-0900-e37-RELEASE,"org.eclipse.jdt.core",1342883234781
started,bundle,org.eclipse.jdt.groovy.core,2.6.0.xx-20111212-0900-e37-RELEASE,"org.eclipse.jdt.groovy.core",1342883234781
started,bundle,com.springsource.sts.content.core,2.8.1.201111221000-RELEASE,"com.springsource.sts.content.core",1342883234781
started,bundle,com.springsource.sts.core,2.8.1.201111221000-RELEASE,"com.springsource.sts.core",1342883234781
started,bundle,com.springsource.sts.ide.configurator,2.8.1.201111221000-RELEASE,"com.springsource.sts.ide.configurator",1342883234781
started,bundle,com.springsource.sts.ide.help,2.8.1.201111221000-RELEASE,"com.springsource.sts.ide.help",1342883234781
started,bundle,com.springsource.sts.ide.ui,2.8.1.201111221000-RELEASE,"com.springsource.sts.ide.ui",1342883234781
started,bundle,com.springsource.sts.maven,2.8.1.201111221000-RELEASE,"com.springsource.sts.maven",1342883234781
started,bundle,com.springsource.sts.roo.ui,2.8.1.201111221000-RELEASE,"com.springsource.sts.roo.ui",1342883234781
started,bundle,com.springsource.sts.server.insight.ui,2.8.1.201111221000-RELEASE,"com.springsource.sts.server.insight.ui",1342883234781
started,bundle,com.springsource.sts.ui,2.8.1.201111221000-RELEASE,"com.springsource.sts.ui",1342883234781
started,bundle,com.springsource.sts.wizard,2.8.1.201111221000-RELEASE,"com.springsource.sts.wizard",1342883234781
started,bundle,org.eclipse.contribution.weaving.jdt,2.2.0.e37x-20111207-1200,"org.eclipse.contribution.weaving.jdt",1342883234781
started,bundle,org.eclipse.equinox.weaving.aspectj,1.0.1.R3_7,"org.eclipse.equinox.weaving.aspectj",1342883234781
started,bundle,org.eclipse.equinox.weaving.caching,1.0.100.R3_7,"org.eclipse.equinox.weaving.caching",1342883234781
started,bundle,org.eclipse.equinox.weaving.caching.j9,1.0.100.R3_7,"org.eclipse.equinox.weaving.caching.j9",1342883234781
started,bundle,org.springframework.ide.eclipse.aop.core,2.8.1.201111220115-RELEASE,"org.springframework.ide.eclipse.aop.core",1342883234781
started,bundle,org.springframework.ide.eclipse.aop.ui,2.8.1.201111220115-RELEASE,"org.springframework.ide.eclipse.aop.ui",1342883234781
started,bundle,org.springframework.ide.eclipse.beans.core,2.8.1.201111220115-RELEASE,"org.springframework.ide.eclipse.beans.core",1342883234781
started,bundle,org.springframework.ide.eclipse.beans.ui,2.8.1.201111220115-RELEASE,"org.springframework.ide.eclipse.beans.ui",1342883234781
started,bundle,org.springframework.ide.eclipse.beans.ui.editor,2.8.1.201111220115-RELEASE,"org.springframework.ide.eclipse.beans.ui.editor",1342883234781
started,bundle,org.springframework.ide.eclipse.core,2.8.1.201111220115-RELEASE,"org.springframework.ide.eclipse.core",1342883234781
started,bundle,org.springframework.ide.eclipse.osgi.targetdefinition,2.8.1.201111220115-RELEASE,"org.springframework.ide.eclipse.osgi.targetdefinition",1342883234781
started,bundle,org.springframework.ide.eclipse.uaa,2.8.1.201111220115-RELEASE,"org.springframework.ide.eclipse.uaa",1342883234781
started,bundle,org.springframework.ide.eclipse.ui,2.8.1.201111220115-RELEASE,"org.springframework.ide.eclipse.ui",1342883234781
started,bundle,org.springframework.ide.eclipse.webflow.ui.editor,2.8.1.201111220115-RELEASE,"org.springframework.ide.eclipse.webflow.ui.editor",1342883234781
started,bundle,org.eclipse.jem,2.0.501.v201111030500,"org.eclipse.jem",1342883234781
started,bundle,org.eclipse.jst.j2ee,1.1.503.v201202090300,"org.eclipse.jst.j2ee",1342883234781
started,bundle,org.eclipse.jst.j2ee.core,1.2.102.v201202090300,"org.eclipse.jst.j2ee.core",1342883234781
started,bundle,org.eclipse.wst.common.frameworks,1.2.102.v201201190400,"org.eclipse.wst.common.frameworks",1342883234781
started,bundle,org.eclipse.wst.common.modulecore,1.2.103.v201201190400,"org.eclipse.wst.common.modulecore",1342883234781
started,bundle,org.eclipse.wst.css.core,1.1.501.v201111292150,"org.eclipse.wst.css.core",1342883234781
started,bundle,org.eclipse.wst.css.ui,1.0.601.v201201101544,"org.eclipse.wst.css.ui",1342883234781
started,bundle,org.eclipse.wst.html.core,1.1.502.v201202091936,"org.eclipse.wst.html.core",1342883234781
started,bundle,org.eclipse.wst.html.ui,1.0.602.v201202091936,"org.eclipse.wst.html.ui",1342883234781
started,bundle,org.eclipse.wst.jsdt.core,1.1.102.v201111090634,"org.eclipse.wst.jsdt.core",1342883234781
started,bundle,org.eclipse.wst.jsdt.ui,1.1.102.v201201131900,"org.eclipse.wst.jsdt.ui",1342883234781
started,bundle,org.eclipse.wst.server.core,1.1.304.v20120208_1420,"org.eclipse.wst.server.core",1342883234781
started,bundle,org.eclipse.wst.sse.core,1.1.602.v201112071516,"org.eclipse.wst.sse.core",1342883234781
started,bundle,org.eclipse.wst.sse.ui,1.3.2.v201201041522,"org.eclipse.wst.sse.ui",1342883234781
started,bundle,org.eclipse.wst.validation,1.2.303.v201202090300,"org.eclipse.wst.validation",1342883234781
started,bundle,org.eclipse.wst.web,1.1.501.v201201190400,"org.eclipse.wst.web",1342883234781
started,bundle,org.eclipse.wst.xml.core,1.1.602.v201201091944,"org.eclipse.wst.xml.core",1342883234781
started,bundle,org.eclipse.wst.xml.ui,1.1.202.v201112071516,"org.eclipse.wst.xml.ui",1342883234781
started,bundle,com.android.ide.eclipse.adt,20.0.0.v201206242043-391819,"com.android.ide.eclipse.adt",1342883234781
started,bundle,com.android.ide.eclipse.base,20.0.0.v201206242043-391819,"com.android.ide.eclipse.base",1342883234781
started,bundle,org.eclipse.dltk.core,4.0.0.201206120848,"org.eclipse.dltk.core",1342883234781
started,bundle,org.eclipse.dltk.core.index.sql,4.0.0.201206120848,"org.eclipse.dltk.core.index.sql",1342883234781
started,bundle,org.eclipse.dltk.core.index.sql.h2,4.0.0.201206120848,"org.eclipse.dltk.core.index.sql.h2",1342883234781
started,bundle,org.eclipse.dltk.core.manipulation,4.0.0.201206120848,"org.eclipse.dltk.core.manipulation",1342883234781
started,bundle,org.eclipse.dltk.launching,4.0.0.201206120848,"org.eclipse.dltk.launching",1342883234781
started,bundle,org.eclipse.dltk.ui,4.0.0.201206120848,"org.eclipse.dltk.ui",1342883234781
started,bundle,org.eclipse.dltk.validators.core,4.0.0.201206120848,"org.eclipse.dltk.validators.core",1342883234781
started,bundle,org.eclipse.emf.common,2.8.0.v20120606-0717,"org.eclipse.emf.common",1342883234781
started,bundle,org.eclipse.emf.ecore,2.8.0.v20120606-0717,"org.eclipse.emf.ecore",1342883234781
started,bundle,org.eclipse.emf.ecore.xmi,2.8.0.v20120606-0717,"org.eclipse.emf.ecore.xmi",1342883234781
started,bundle,org.eclipse.jst.common.project.facet.core,1.4.201.v201108161900,"org.eclipse.jst.common.project.facet.core",1342883234781
started,bundle,org.eclipse.mylyn.bugzilla.core,3.7.1.v20120425-0100,"org.eclipse.mylyn.bugzilla.core",1342883234781
started,bundle,org.eclipse.mylyn.bugzilla.ui,3.7.1.v20120425-0100,"org.eclipse.mylyn.bugzilla.ui",1342883234781
started,bundle,org.eclipse.mylyn.commons.core,3.7.1.v20120425-0100,"org.eclipse.mylyn.commons.core",1342883234781
started,bundle,org.eclipse.mylyn.commons.net,3.8.0.v20120612-0600,"org.eclipse.mylyn.commons.net",1342883234781
started,bundle,org.eclipse.mylyn.commons.notifications.core,0.9.1.v20120425-0100,"org.eclipse.mylyn.commons.notifications.core",1342883234781
started,bundle,org.eclipse.mylyn.commons.notifications.feed,0.9.1.v20120425-0100,"org.eclipse.mylyn.commons.notifications.feed",1342883234781
started,bundle,org.eclipse.mylyn.commons.ui,3.7.1.v20120425-0100,"org.eclipse.mylyn.commons.ui",1342883234781
started,bundle,org.eclipse.mylyn.commons.workbench,3.7.1.v20120425-0100,"org.eclipse.mylyn.commons.workbench",1342883234781
started,bundle,org.eclipse.mylyn.context.core,3.7.1.v20120425-0100,"org.eclipse.mylyn.context.core",1342883234781
started,bundle,org.eclipse.mylyn.context.tasks.ui,3.7.1.v20120425-0100,"org.eclipse.mylyn.context.tasks.ui",1342883234781
started,bundle,org.eclipse.mylyn.monitor.ui,3.7.1.v20120425-0100,"org.eclipse.mylyn.monitor.ui",1342883234781
started,bundle,org.eclipse.mylyn.tasks.ui,3.7.1.v20120425-0100,"org.eclipse.mylyn.tasks.ui",1342883234781
started,bundle,org.eclipse.mylyn.team.ui,3.7.1.v20120425-0100,"org.eclipse.mylyn.team.ui",1342883234781
started,bundle,org.eclipse.php.core,3.0.1.v201201110400,"org.eclipse.php.core",1342883234781
started,bundle,org.eclipse.php.debug.ui,3.0.1.v201201110400,"org.eclipse.php.debug.ui",1342883234781
started,bundle,org.eclipse.php.ui,3.0.1.v201201110400,"org.eclipse.php.ui",1342883234781
